latitude,longitude,brightness,scan,track,acq_date,acq_time,satellite,instrument,confidence,version,bright_t31,frp,daynight,type
38.7639,-122.749,304.4,1.7,1.3,2017-03-16,2055,Aqua,MODIS,52,6.03,280.5,11.7,D,0
38.8099,-122.6831,319.3,1.1,1,2017-04-01,1915,Terra,MODIS,77,6.03,293.8,14.7,D,0
38.807,-122.6928,310.4,1.7,1.3,2017-04-01,2055,Aqua,MODIS,46,6.03,295.9,11.7,D,0
38.8172,-122.6872,304.9,3.3,1.7,2017-04-27,1952,Terra,MODIS,47,6.03,291,28.1,D,0
38.815,-122.6838,323,1.1,1.1,2017-04-27,2131,Aqua,MODIS,81,6.03,299.4,18.4,D,0
38.5637,-122.5305,328.4,1,1,2017-06-13,1909,Terra,MODIS,73,6.03,305.7,20.2,D,0
38.5619,-122.5191,337.2,1,1,2017-06-13,1909,Terra,MODIS,87,6.03,307,31.5,D,0
38.5601,-122.5257,321.2,2.1,1.4,2017-06-13,2048,Aqua,MODIS,74,6.03,302.2,39.7,D,0
38.4885,-122.4464,323.9,1.4,1.2,2017-06-27,2100,Aqua,MODIS,45,6.03,310.2,15.4,D,2
38.5844,-122.524,312.3,1.9,1.3,2017-09-01,0944,Aqua,MODIS,65,6.03,294.3,24.3,N,0
38.5808,-122.5352,325.1,1,1,2017-09-01,1909,Terra,MODIS,33,6.03,313.7,7.3,D,0
38.5898,-122.5331,328.3,1,1,2017-09-01,1909,Terra,MODIS,60,6.03,313.3,12.2,D,0
38.5873,-122.6549,413.2,1.3,1.1,2017-10-09,0632,Terra,MODIS,100,6.03,302.7,522.2,N,0
38.5888,-122.6398,448.2,1.3,1.1,2017-10-09,0632,Terra,MODIS,100,6.03,318.8,1059.3,N,0
38.5905,-122.6237,419.1,1.3,1.2,2017-10-09,0632,Terra,MODIS,100,6.03,312.7,598.4,N,0
38.4277,-122.537,313.4,1.4,1.2,2017-10-09,0632,Terra,MODIS,87,6.03,292.2,19,N,0
38.5921,-122.6079,306.1,1.4,1.2,2017-10-09,0632,Terra,MODIS,43,6.03,291.8,7.5,N,0
38.4246,-122.5669,314,1.4,1.2,2017-10-09,0632,Terra,MODIS,88,6.03,291.1,19.2,N,2
38.4365,-122.5538,303.1,1.4,1.2,2017-10-09,0632,Terra,MODIS,53,6.03,291.8,8.5,N,0
38.5481,-122.658,309.2,1.3,1.1,2017-10-09,0632,Terra,MODIS,75,6.03,291,11,N,0
38.5449,-122.6877,330,1.3,1.1,2017-10-09,0632,Terra,MODIS,100,6.03,291.8,40.5,N,0
38.5465,-122.6729,336.4,1.3,1.1,2017-10-09,0632,Terra,MODIS,100,6.03,292.1,54.5,N,0
38.596,-122.6718,306,1.3,1.1,2017-10-09,0632,Terra,MODIS,66,6.03,291.2,7.7,N,0
38.5992,-122.6413,332.7,1.3,1.1,2017-10-09,0632,Terra,MODIS,100,6.03,293.3,46.1,N,0
38.5738,-122.6844,321.4,1.3,1.1,2017-10-09,0632,Terra,MODIS,69,6.03,291.7,24.7,N,0
38.392,-122.5082,317.2,1.4,1.2,2017-10-09,0632,Terra,MODIS,95,6.03,292.9,24.2,N,0
38.5773,-122.6779,327.3,1.3,1.1,2017-10-09,0632,Terra,MODIS,93,6.03,292.4,34.8,N,0
38.579,-122.6623,448.8,1.3,1.1,2017-10-09,0632,Terra,MODIS,100,6.03,312.1,1065.9,N,0
38.5806,-122.6474,500,1.3,1.1,2017-10-09,0632,Terra,MODIS,100,6.03,343.5,2472.4,N,0
38.5823,-122.6322,500,1.3,1.1,2017-10-09,0632,Terra,MODIS,100,6.03,344.6,2478.5,N,0
38.584,-122.6162,364.8,1.3,1.2,2017-10-09,0632,Terra,MODIS,100,6.03,297.3,150,N,0
38.567,-122.6766,396,1.3,1.1,2017-10-09,0632,Terra,MODIS,100,6.03,297,349.5,N,0
38.56,-122.6442,324.8,1.3,1.1,2017-10-09,0632,Terra,MODIS,100,6.03,292.6,31,N,0
38.5584,-122.6597,459.8,1.3,1.1,2017-10-09,0632,Terra,MODIS,100,6.03,310,1298.8,N,0
38.5568,-122.6747,444.2,1.3,1.1,2017-10-09,0632,Terra,MODIS,100,6.03,307.4,975,N,0
38.5687,-122.6609,480.6,1.3,1.1,2017-10-09,0632,Terra,MODIS,100,6.03,323.4,1836.2,N,0
38.5552,-122.6895,325.6,1.3,1.1,2017-10-09,0632,Terra,MODIS,100,6.03,292.3,31.9,N,0
38.5703,-122.6457,438.6,1.3,1.1,2017-10-09,0632,Terra,MODIS,100,6.03,316.3,883,N,0
38.5536,-122.7043,309.2,1.3,1.1,2017-10-09,0632,Terra,MODIS,38,6.03,289.7,11.9,N,0
38.5719,-122.6308,384.5,1.3,1.1,2017-10-09,0632,Terra,MODIS,100,6.03,300.8,262,N,0
38.6008,-122.6253,379.5,1.3,1.2,2017-10-09,0632,Terra,MODIS,100,6.03,298,231.3,N,0
38.6024,-122.6097,314.3,1.4,1.2,2017-10-09,0632,Terra,MODIS,89,6.03,291.9,16.8,N,0
38.5755,-122.6682,398.6,1.3,1.1,2017-10-09,0632,Terra,MODIS,100,6.03,303.6,372.6,N,0
38.577,-122.6531,461.9,1.3,1.1,2017-10-09,0632,Terra,MODIS,100,6.03,338.1,1349,N,0
38.5785,-122.6381,500,1.3,1.1,2017-10-09,0632,Terra,MODIS,100,6.03,349.1,2480.4,N,0
38.5802,-122.6224,404.7,1.3,1.2,2017-10-09,0632,Terra,MODIS,100,6.03,307.1,433.1,N,0
38.3904,-122.5231,340.5,1.4,1.2,2017-10-09,0632,Terra,MODIS,100,6.03,294.4,69.7,N,0
38.4262,-122.5516,380.8,1.4,1.2,2017-10-09,0632,Terra,MODIS,100,6.03,298.9,244.7,N,2
38.5858,-122.6698,317.4,1.3,1.1,2017-10-09,0632,Terra,MODIS,95,6.03,291.8,19.1,N,0
38.512,-122.7122,399.7,2.2,1.4,2017-10-09,1045,Aqua,MODIS,100,6.03,304.8,804.4,N,2
38.5174,-122.7369,376.6,2.2,1.4,2017-10-09,1045,Aqua,MODIS,100,6.03,298,444.2,N,0
38.5248,-122.709,367.6,2.2,1.4,2017-10-09,1045,Aqua,MODIS,100,6.03,301.8,344.2,N,0
38.5299,-122.7326,350.4,2.2,1.4,2017-10-09,1045,Aqua,MODIS,100,6.03,295.2,198.4,N,0
38.4985,-122.7127,431.8,2.2,1.4,2017-10-09,1045,Aqua,MODIS,100,6.03,315.4,1616.5,N,0
38.5037,-122.7361,402.7,2.2,1.4,2017-10-09,1045,Aqua,MODIS,100,6.03,308.1,859.7,N,0
38.5091,-122.7599,339.1,2.2,1.4,2017-10-09,1045,Aqua,MODIS,100,6.03,292.3,131.8,N,2
38.5109,-122.7076,403.4,2.2,1.4,2017-10-09,1045,Aqua,MODIS,100,6.03,306,878.1,N,2
38.5164,-122.7322,381.8,2.2,1.4,2017-10-09,1045,Aqua,MODIS,100,6.03,300.5,512,N,0
38.5218,-122.7561,315.5,2.2,1.4,2017-10-09,1045,Aqua,MODIS,90,6.03,290.9,41.9,N,0
38.5238,-122.7047,381.3,2.2,1.4,2017-10-09,1045,Aqua,MODIS,100,6.03,302.2,508.6,N,0
38.529,-122.728,369.5,2.2,1.4,2017-10-09,1045,Aqua,MODIS,100,6.03,297.4,367.4,N,0
38.5366,-122.7012,350.8,2.2,1.4,2017-10-09,1045,Aqua,MODIS,100,6.03,296.3,204.5,N,0
38.5417,-122.7245,353.8,2.2,1.4,2017-10-09,1045,Aqua,MODIS,100,6.03,294.9,226.3,N,0
38.5541,-122.7191,318.5,2.2,1.4,2017-10-09,1045,Aqua,MODIS,97,6.03,290.9,52.2,N,0
38.5562,-122.6673,331.9,2.2,1.4,2017-10-09,1045,Aqua,MODIS,100,6.03,292.8,95,N,0
38.3994,-122.5117,339.6,2.3,1.5,2017-10-09,1045,Aqua,MODIS,100,6.03,293.2,142.8,N,0
38.3943,-122.4888,318.5,2.3,1.5,2017-10-09,1045,Aqua,MODIS,97,6.03,291.3,55.5,N,0
38.3813,-122.4924,316.7,2.3,1.5,2017-10-09,1045,Aqua,MODIS,84,6.03,291.5,49.3,N,0
38.3853,-122.4975,332.2,2.3,1.5,2017-10-09,1045,Aqua,MODIS,100,6.03,294.1,107.6,N,0
38.3723,-122.5011,328.2,2.3,1.5,2017-10-09,1045,Aqua,MODIS,100,6.03,293.5,90.6,N,0
38.3593,-122.5047,306.1,2.3,1.5,2017-10-09,1045,Aqua,MODIS,67,6.03,290.5,25.9,N,0
38.5742,-122.6878,338.2,2.2,1.4,2017-10-09,1045,Aqua,MODIS,100,6.03,292.3,130.1,N,0
38.3947,-122.603,362.3,2.3,1.5,2017-10-09,1045,Aqua,MODIS,100,6.03,295.1,306.9,N,0
38.396,-122.5465,314.5,2.3,1.5,2017-10-09,1045,Aqua,MODIS,71,6.03,291.3,41,N,0
38.6104,-122.6118,412.4,2.2,1.5,2017-10-09,1045,Aqua,MODIS,100,6.03,308.1,1093.1,N,0
38.6089,-122.6662,300.1,2.2,1.4,2017-10-09,1045,Aqua,MODIS,13,6.03,289.3,14.1,N,0
38.4016,-122.5724,367.6,2.3,1.5,2017-10-09,1045,Aqua,MODIS,100,6.03,305.1,359.8,N,0
38.4076,-122.5996,366.7,2.3,1.5,2017-10-09,1045,Aqua,MODIS,100,6.03,297.6,351,N,0
38.3794,-122.545,317.8,2.3,1.5,2017-10-09,1045,Aqua,MODIS,83,6.03,290.2,47.4,N,0
38.3852,-122.5706,313.4,2.3,1.5,2017-10-09,1045,Aqua,MODIS,87,6.03,290.1,37.3,N,0
38.4361,-122.5529,343.3,2.3,1.5,2017-10-09,1045,Aqua,MODIS,100,6.03,292.3,165.3,N,0
38.4232,-122.5564,326.9,2.3,1.5,2017-10-09,1045,Aqua,MODIS,100,6.03,290.5,83,N,2
38.4166,-122.5882,354.5,2.3,1.5,2017-10-09,1045,Aqua,MODIS,100,6.03,294.6,238.7,N,0
38.4106,-122.5615,362.5,2.3,1.5,2017-10-09,1045,Aqua,MODIS,100,6.03,298.5,308.2,N,0
38.404,-122.593,395.7,2.3,1.5,2017-10-09,1045,Aqua,MODIS,100,6.03,304.2,757.7,N,0
38.3979,-122.5659,352.7,2.3,1.5,2017-10-09,1045,Aqua,MODIS,100,6.03,297.6,224.4,N,0
38.3965,-122.6208,314.8,2.3,1.5,2017-10-09,1045,Aqua,MODIS,90,6.03,289.9,44.1,N,0
38.3911,-122.5969,358.4,2.3,1.5,2017-10-09,1045,Aqua,MODIS,100,6.03,295.2,272.5,N,0
38.4929,-122.688,444.3,2.2,1.4,2017-10-09,1045,Aqua,MODIS,100,6.03,325,2065.5,N,0
38.4873,-122.6629,327.9,2.2,1.5,2017-10-09,1045,Aqua,MODIS,100,6.03,292.8,82,N,0
38.5198,-122.6857,373,2.2,1.4,2017-10-09,1045,Aqua,MODIS,100,6.03,303.2,405.1,N,0
38.5143,-122.6606,371.8,2.2,1.5,2017-10-09,1045,Aqua,MODIS,100,6.03,303.6,395.5,N,0
38.5089,-122.6355,312.6,2.3,1.5,2017-10-09,1045,Aqua,MODIS,69,6.03,290.6,36.1,N,0
38.5068,-122.6882,408.8,2.2,1.4,2017-10-09,1045,Aqua,MODIS,100,6.03,308.2,998.6,N,0
38.5016,-122.6646,375.4,2.2,1.5,2017-10-09,1045,Aqua,MODIS,100,6.03,300.6,437.6,N,0
38.4942,-122.6928,449.4,2.2,1.4,2017-10-09,1045,Aqua,MODIS,100,6.03,329.4,2272.3,N,0
38.4886,-122.6673,355.8,2.2,1.5,2017-10-09,1045,Aqua,MODIS,100,6.03,298,241.5,N,0
38.3748,-122.6367,318.5,2.3,1.5,2017-10-09,1045,Aqua,MODIS,97,6.03,289.9,57.2,N,0
38.362,-122.6406,334.3,2.3,1.5,2017-10-09,1045,Aqua,MODIS,100,6.03,291,117.8,N,0
38.629,-122.6344,369.1,2.2,1.4,2017-10-09,1045,Aqua,MODIS,100,6.03,294.6,368.1,N,0
38.431,-122.5299,325.2,2.3,1.5,2017-10-09,1045,Aqua,MODIS,100,6.03,291.5,79,N,0
38.4178,-122.5324,305.9,2.3,1.5,2017-10-09,1045,Aqua,MODIS,54,6.03,289.7,22.7,N,2
38.4049,-122.536,313.5,2.3,1.5,2017-10-09,1045,Aqua,MODIS,28,6.03,290.6,36,N,0
38.3865,-122.5152,363,2.3,1.5,2017-10-09,1045,Aqua,MODIS,100,6.03,296.1,318.8,N,0
38.3736,-122.5194,371.8,2.3,1.5,2017-10-09,1045,Aqua,MODIS,100,6.03,298.5,411.6,N,0
38.3609,-122.5239,315,2.3,1.5,2017-10-09,1045,Aqua,MODIS,87,6.03,290.7,43.8,N,0
38.3904,-122.521,341.2,2.3,1.5,2017-10-09,1045,Aqua,MODIS,100,6.03,292.6,151.2,N,0
38.3777,-122.5254,368,2.3,1.5,2017-10-09,1045,Aqua,MODIS,100,6.03,297,370.4,N,0
38.3649,-122.5299,334.2,2.3,1.5,2017-10-09,1045,Aqua,MODIS,100,6.03,291.6,119.2,N,0
38.3569,-122.6179,311.7,2.3,1.5,2017-10-09,1045,Aqua,MODIS,83,6.03,289.3,38.2,N,0
38.3694,-122.6123,304.3,2.3,1.5,2017-10-09,1045,Aqua,MODIS,59,6.03,289,21.6,N,0
38.4688,-122.7008,305.1,2.2,1.4,2017-10-09,1045,Aqua,MODIS,50,6.03,290.4,18.4,N,2
38.4742,-122.7249,357.9,2.2,1.4,2017-10-09,1045,Aqua,MODIS,100,6.03,298.4,257.4,N,2
38.4795,-122.7491,362.7,2.2,1.4,2017-10-09,1045,Aqua,MODIS,100,6.03,298.2,298.3,N,0
38.4816,-122.697,340.3,2.2,1.4,2017-10-09,1045,Aqua,MODIS,100,6.03,296.5,138,N,0
38.4869,-122.7212,367.3,2.2,1.4,2017-10-09,1045,Aqua,MODIS,100,6.03,299.6,338.8,N,0
38.4921,-122.7448,355.5,2.2,1.4,2017-10-09,1045,Aqua,MODIS,100,6.03,296.5,235.4,N,0
38.4996,-122.7172,421,2.2,1.4,2017-10-09,1045,Aqua,MODIS,100,6.03,310.5,1288.9,N,0
38.5047,-122.7406,400.7,2.2,1.4,2017-10-09,1045,Aqua,MODIS,100,6.03,306,821.2,N,2
38.5099,-122.7646,308.8,2.2,1.4,2017-10-09,1045,Aqua,MODIS,76,6.03,290.1,27.6,N,2
38.389,-122.577,341.4,2.3,1.5,2017-10-09,1045,Aqua,MODIS,100,6.03,294.2,150.6,N,0
38.616,-122.6372,399,2.2,1.4,2017-10-09,1045,Aqua,MODIS,100,6.03,299,800.1,N,0
38.6232,-122.6085,374.5,2.2,1.5,2017-10-09,1045,Aqua,MODIS,100,6.03,297.4,430.7,N,0
38.5509,-122.6434,325.8,2.2,1.5,2017-10-09,1045,Aqua,MODIS,100,6.03,292.6,73.3,N,0
38.5487,-122.695,336,2.2,1.4,2017-10-09,1045,Aqua,MODIS,100,6.03,294.6,117.4,N,0
38.5435,-122.6714,340.9,2.2,1.4,2017-10-09,1045,Aqua,MODIS,100,6.03,294.9,143.1,N,0
38.5382,-122.6477,358.1,2.2,1.5,2017-10-09,1045,Aqua,MODIS,100,6.03,297.8,262.1,N,0
38.5309,-122.6759,363.6,2.2,1.4,2017-10-09,1045,Aqua,MODIS,100,6.03,297.5,310,N,0
38.5254,-122.651,368.4,2.2,1.5,2017-10-09,1045,Aqua,MODIS,100,6.03,300,360.4,N,0
38.5185,-122.6812,389.6,2.2,1.4,2017-10-09,1045,Aqua,MODIS,100,6.03,304.3,633.8,N,0
38.5129,-122.6558,378,2.2,1.5,2017-10-09,1045,Aqua,MODIS,100,6.03,300.6,472.8,N,0
38.5074,-122.6314,301.3,2.3,1.5,2017-10-09,1045,Aqua,MODIS,10,6.03,289.5,14,N,0
38.5056,-122.6839,408.8,2.2,1.4,2017-10-09,1045,Aqua,MODIS,100,6.03,308.7,997.7,N,0
38.5003,-122.6603,360.4,2.2,1.5,2017-10-09,1045,Aqua,MODIS,100,6.03,296.4,282.2,N,0
38.5614,-122.691,333.7,2.2,1.4,2017-10-09,1045,Aqua,MODIS,100,6.03,292.3,105.8,N,0
38.5632,-122.6378,346,2.2,1.5,2017-10-09,1045,Aqua,MODIS,100,6.03,294.8,171.1,N,0
38.5685,-122.6619,328.8,2.2,1.4,2017-10-09,1045,Aqua,MODIS,77,6.03,293.8,80.4,N,0
38.5758,-122.6333,330.9,2.2,1.5,2017-10-09,1045,Aqua,MODIS,95,6.03,292.4,91.5,N,0
38.581,-122.6569,333.1,2.2,1.4,2017-10-09,1045,Aqua,MODIS,89,6.03,294,99.1,N,0
38.5864,-122.6814,318.2,2.2,1.4,2017-10-09,1045,Aqua,MODIS,96,6.03,290.6,51.5,N,0
38.5882,-122.6277,330.3,2.2,1.5,2017-10-09,1045,Aqua,MODIS,99,6.03,293.3,88.5,N,0
38.5937,-122.6531,347.3,2.2,1.4,2017-10-09,1045,Aqua,MODIS,100,6.03,295.1,176.5,N,0
38.5989,-122.677,302.3,2.2,1.4,2017-10-09,1045,Aqua,MODIS,45,6.03,289.8,15.9,N,0
38.6006,-122.6221,357.8,2.2,1.5,2017-10-09,1045,Aqua,MODIS,100,6.03,298.9,256,N,0
38.6061,-122.6478,351.3,2.2,1.4,2017-10-09,1045,Aqua,MODIS,100,6.03,292.9,204,N,0
38.573,-122.6272,333.9,2.2,1.5,2017-10-09,1045,Aqua,MODIS,100,6.03,292,106,N,0
38.5784,-122.6511,329.5,2.2,1.4,2017-10-09,1045,Aqua,MODIS,100,6.03,293.7,86.6,N,0
38.5838,-122.675,333.9,2.2,1.4,2017-10-09,1045,Aqua,MODIS,100,6.03,293.1,111.2,N,0
38.5853,-122.6214,322.9,2.2,1.5,2017-10-09,1045,Aqua,MODIS,100,6.03,291.8,64.3,N,0
38.5911,-122.647,342.6,2.2,1.4,2017-10-09,1045,Aqua,MODIS,100,6.03,295.1,152,N,0
38.5964,-122.6708,317.6,2.2,1.4,2017-10-09,1045,Aqua,MODIS,95,6.03,290.6,51.7,N,0
38.5977,-122.6159,351.3,2.2,1.5,2017-10-09,1045,Aqua,MODIS,100,6.03,293.9,210.9,N,0
38.6034,-122.6416,376.2,2.2,1.4,2017-10-09,1045,Aqua,MODIS,100,6.03,296.4,447.9,N,0
38.7676,-122.8933,399.9,2.1,1.4,2017-10-09,1045,Aqua,MODIS,100,6.03,301.9,769.4,N,0
38.7625,-122.8705,333.7,2.1,1.4,2017-10-09,1045,Aqua,MODIS,100,6.03,290.7,105.9,N,0
38.7551,-122.8971,312.2,2.1,1.4,2017-10-09,1045,Aqua,MODIS,84,6.03,290.5,36.8,N,0
38.3319,-122.4483,323.9,2.3,1.5,2017-10-09,1832,Terra,MODIS,80,6.03,298,57.7,D,0
38.3492,-122.5019,322.8,2.3,1.5,2017-10-09,1832,Terra,MODIS,44,6.03,300.1,54.7,D,0
38.3623,-122.499,373.7,2.3,1.5,2017-10-09,1832,Terra,MODIS,100,6.03,302.6,414.2,D,0
38.3754,-122.4964,332,2.3,1.5,2017-10-09,1832,Terra,MODIS,59,6.03,299.2,86.8,D,0
38.3885,-122.4943,339.6,2.3,1.5,2017-10-09,1832,Terra,MODIS,91,6.03,298.6,130.6,D,0
38.3848,-122.487,330.4,2.3,1.5,2017-10-09,1832,Terra,MODIS,80,6.03,297.5,83.1,D,0
38.7652,-122.8928,327.2,2.5,1.5,2017-10-09,1832,Terra,MODIS,82,6.03,298.7,76.3,D,0
38.7517,-122.8956,329.3,2.5,1.5,2017-10-09,1832,Terra,MODIS,85,6.03,299.5,86.4,D,0
38.7496,-122.8652,323.2,2.4,1.5,2017-10-09,1832,Terra,MODIS,57,6.03,298.9,57.8,D,0
38.5712,-122.7043,335.1,2.4,1.5,2017-10-09,1832,Terra,MODIS,69,6.03,299,101,D,0
38.4099,-122.5983,342.6,2.3,1.5,2017-10-09,1832,Terra,MODIS,92,6.03,299.1,145.5,D,0
38.3776,-122.5249,332.2,2.3,1.5,2017-10-09,1832,Terra,MODIS,41,6.03,297.3,83.3,D,0
38.6259,-122.7778,306.6,2.4,1.5,2017-10-09,1832,Terra,MODIS,54,6.03,294.2,16.2,D,0
38.6239,-122.7491,305.6,2.4,1.5,2017-10-09,1832,Terra,MODIS,35,6.03,292.9,12.6,D,0
38.6292,-122.6354,346.4,2.4,1.5,2017-10-09,1832,Terra,MODIS,94,6.03,302.2,172.9,D,0
38.616,-122.6388,389.1,2.4,1.5,2017-10-09,1832,Terra,MODIS,100,6.03,305.2,657.4,D,0
38.5961,-122.6755,454.6,2.4,1.5,2017-10-09,1832,Terra,MODIS,100,6.03,319.1,2684.5,D,0
38.6074,-122.647,360.7,2.4,1.5,2017-10-09,1832,Terra,MODIS,100,6.03,304.5,272.4,D,0
38.594,-122.6477,405,2.4,1.5,2017-10-09,1832,Terra,MODIS,100,6.03,308,959.8,D,0
38.5846,-122.7023,325,2.4,1.5,2017-10-09,1832,Terra,MODIS,56,6.03,295.2,59.5,D,0
38.6045,-122.6671,436.9,2.4,1.5,2017-10-09,1832,Terra,MODIS,100,6.03,317.3,1925.6,D,0
38.6027,-122.6404,364.6,2.4,1.5,2017-10-09,1832,Terra,MODIS,100,6.03,303.8,315,D,0
38.5912,-122.6691,439.2,2.4,1.5,2017-10-09,1832,Terra,MODIS,100,6.03,313.2,2008.9,D,0
38.5795,-122.6957,341,2.4,1.5,2017-10-09,1832,Terra,MODIS,78,6.03,299.3,133.9,D,0
38.6095,-122.6746,363.6,2.4,1.5,2017-10-09,1832,Terra,MODIS,100,6.03,301.9,305.3,D,0
38.4056,-122.5922,340,2.3,1.5,2017-10-09,1832,Terra,MODIS,89,6.03,299.4,128.5,D,0
38.5246,-122.7453,330.3,2.4,1.5,2017-10-09,1832,Terra,MODIS,41,6.03,295.9,77.5,D,0
38.5197,-122.7397,329.6,2.4,1.5,2017-10-09,1832,Terra,MODIS,37,6.03,296,75.8,D,0
38.5405,-122.6524,338.9,2.4,1.5,2017-10-09,1832,Terra,MODIS,87,6.03,298.7,121.1,D,0
38.5272,-122.6548,330.8,2.4,1.5,2017-10-09,1832,Terra,MODIS,45,6.03,297.6,79.5,D,0
38.4891,-122.6878,344.4,2.4,1.5,2017-10-09,1832,Terra,MODIS,70,6.03,302.2,142.4,D,2
38.4803,-122.695,360.7,2.4,1.5,2017-10-09,1832,Terra,MODIS,100,6.03,301.7,280.2,D,0
38.5827,-122.677,327.5,2.4,1.5,2017-10-09,1832,Terra,MODIS,62,6.03,299.6,63.7,D,0
38.4156,-122.6081,355.5,2,1.4,2017-10-09,2149,Aqua,MODIS,98,6.03,295.4,197.6,D,0
38.6188,-122.6446,328.8,2,1.4,2017-10-09,2149,Aqua,MODIS,75,6.03,298.8,61.2,D,0
38.7778,-122.9118,325.7,2,1.4,2017-10-09,2149,Aqua,MODIS,47,6.03,296.3,49.1,D,0
38.7655,-122.91,325.5,2,1.4,2017-10-09,2149,Aqua,MODIS,63,6.03,299.1,48.6,D,0
38.755,-122.8865,322.5,2,1.4,2017-10-09,2149,Aqua,MODIS,51,6.03,300.1,40.7,D,0
38.7533,-122.907,325.3,2,1.4,2017-10-09,2149,Aqua,MODIS,80,6.03,300.7,49.2,D,0
38.3601,-122.4756,408.4,2.1,1.4,2017-10-09,2149,Aqua,MODIS,100,6.03,306.3,869.4,D,0
38.3585,-122.4962,414.6,2.1,1.4,2017-10-09,2149,Aqua,MODIS,100,6.03,323.7,993.4,D,0
38.371,-122.4982,411.6,2.1,1.4,2017-10-09,2149,Aqua,MODIS,100,6.03,306.7,929.9,D,0
38.3836,-122.5001,364.1,2.1,1.4,2017-10-09,2149,Aqua,MODIS,100,6.03,297.3,262.4,D,0
38.3745,-122.4848,355.5,2.1,1.4,2017-10-09,2149,Aqua,MODIS,95,6.03,294.9,195.4,D,0
38.373,-122.5052,364.9,2.1,1.4,2017-10-09,2149,Aqua,MODIS,100,6.03,304,264.5,D,0
38.3871,-122.4862,323.8,2.1,1.4,2017-10-09,2149,Aqua,MODIS,45,6.03,291.5,47.4,D,0
38.3855,-122.5071,340.1,2.1,1.4,2017-10-09,2149,Aqua,MODIS,91,6.03,296.7,108.9,D,0
38.7673,-122.8879,328.9,2,1.4,2017-10-09,2149,Aqua,MODIS,64,6.03,297.3,59.3,D,0
38.337,-122.4472,314.7,2.1,1.4,2017-10-09,2149,Aqua,MODIS,48,6.03,297.6,24.3,D,0
38.3244,-122.4454,314.5,2.1,1.4,2017-10-09,2149,Aqua,MODIS,16,6.03,297.9,22.1,D,0
38.4842,-122.7127,329.5,2,1.4,2017-10-09,2149,Aqua,MODIS,69,6.03,302,55.2,D,0
38.5368,-122.7275,317.3,2,1.4,2017-10-09,2149,Aqua,MODIS,28,6.03,295.6,26.6,D,0
38.5757,-122.7107,324.7,2,1.4,2017-10-09,2149,Aqua,MODIS,64,6.03,296.6,49.8,D,0
38.6063,-122.6428,327.2,2,1.4,2017-10-09,2149,Aqua,MODIS,61,6.03,298.2,52.2,D,0
38.4338,-122.5384,322.2,2.1,1.4,2017-10-09,2149,Aqua,MODIS,78,6.03,296.8,47.6,D,0
38.4032,-122.6057,365.1,2,1.4,2017-10-09,2149,Aqua,MODIS,100,6.03,299.5,267.5,D,0
38.542,-122.6596,327.5,2,1.4,2017-10-09,2149,Aqua,MODIS,82,6.03,296.2,56.2,D,0
38.5393,-122.6521,331.1,2,1.4,2017-10-09,2149,Aqua,MODIS,85,6.03,296.4,70.5,D,0
38.4103,-122.6019,312.6,2.6,1.6,2017-10-10,0537,Terra,MODIS,76,6.03,288.5,50.3,N,0
38.4168,-122.6369,311.6,2.6,1.6,2017-10-10,0537,Terra,MODIS,83,6.03,286,50.3,N,0
38.5141,-122.6541,304.2,2.6,1.6,2017-10-10,0537,Terra,MODIS,41,6.03,284.4,27.9,N,0
38.588,-122.7131,313.9,2.6,1.6,2017-10-10,0537,Terra,MODIS,88,6.03,287.3,57.7,N,0
38.5943,-122.6854,300.2,2.6,1.6,2017-10-10,0537,Terra,MODIS,4,6.03,286.2,19.5,N,0
38.3709,-122.4874,304.8,2.6,1.5,2017-10-10,0537,Terra,MODIS,12,6.03,287.8,27.4,N,0
38.7663,-122.8855,304.2,2.7,1.6,2017-10-10,0537,Terra,MODIS,24,6.03,285.5,30.1,N,0
38.7709,-122.8931,304.6,2.7,1.6,2017-10-10,0537,Terra,MODIS,24,6.03,285.3,31,N,0
38.4287,-122.6147,302.3,2.6,1.6,2017-10-10,0537,Terra,MODIS,12,6.03,286.7,24.9,N,0
38.4236,-122.6072,329.1,2.6,1.6,2017-10-10,0537,Terra,MODIS,100,6.03,289.2,118.2,N,0
38.3831,-122.5934,307.8,2.6,1.6,2017-10-10,0537,Terra,MODIS,38,6.03,285.6,36.5,N,0
38.5965,-122.7067,315.5,1.6,1.2,2017-10-10,0950,Aqua,MODIS,91,6.03,288,29.4,N,0
38.3415,-122.4483,302.5,1.5,1.2,2017-10-10,0950,Aqua,MODIS,41,6.03,285.4,11.5,N,0
38.4268,-122.6034,316,1.5,1.2,2017-10-10,0950,Aqua,MODIS,92,6.03,289.8,29.3,N,0
38.4159,-122.6044,326.7,1.5,1.2,2017-10-10,0950,Aqua,MODIS,100,6.03,288.5,48.4,N,0
38.4142,-122.5877,304.2,1.5,1.2,2017-10-10,0950,Aqua,MODIS,27,6.03,287.5,12.6,N,0
38.4131,-122.6101,326.9,1.5,1.2,2017-10-10,0950,Aqua,MODIS,100,6.03,289.8,47.5,N,0
38.3788,-122.5993,304.2,1.5,1.2,2017-10-10,0950,Aqua,MODIS,49,6.03,284.8,14.1,N,0
38.4149,-122.6275,321.5,1.5,1.2,2017-10-10,0950,Aqua,MODIS,100,6.03,285.8,38.4,N,0
38.4175,-122.6214,342.3,1.5,1.2,2017-10-10,0950,Aqua,MODIS,100,6.03,289.6,90.7,N,0
38.5048,-122.7169,305.7,1.5,1.2,2017-10-10,0950,Aqua,MODIS,65,6.03,285.1,16.3,N,0
38.505,-122.7099,303.3,1.5,1.2,2017-10-10,0950,Aqua,MODIS,32,6.03,285.4,12.4,N,2
38.5708,-122.698,305.7,1.5,1.2,2017-10-10,0950,Aqua,MODIS,53,6.03,285.7,15.8,N,0
38.5726,-122.716,307.3,1.6,1.2,2017-10-10,0950,Aqua,MODIS,63,6.03,285.5,18.1,N,0
38.5928,-122.6951,316.7,1.5,1.2,2017-10-10,0950,Aqua,MODIS,61,6.03,288.3,29,N,0
38.4308,-122.5322,300.3,1.5,1.2,2017-10-10,0950,Aqua,MODIS,15,6.03,286.7,10,N,0
38.5949,-122.6896,308.5,1.5,1.2,2017-10-10,0950,Aqua,MODIS,53,6.03,286.9,18.3,N,0
38.7463,-122.8802,337.6,1.1,1,2017-10-10,1915,Terra,MODIS,89,6.03,297.5,38.6,D,0
38.7502,-122.9036,318,1.1,1,2017-10-10,1915,Terra,MODIS,73,6.03,294.5,12.7,D,0
38.3418,-122.4535,338.4,1.1,1,2017-10-10,1915,Terra,MODIS,89,6.03,303.4,38,D,0
38.3511,-122.4516,369.1,1.1,1,2017-10-10,1915,Terra,MODIS,100,6.03,307.2,120.4,D,0
38.3573,-122.488,335.6,1.1,1,2017-10-10,1915,Terra,MODIS,87,6.03,300.8,32.4,D,0
38.3605,-122.4496,402.4,1.1,1,2017-10-10,1915,Terra,MODIS,100,6.03,310.9,301.6,D,0
38.3646,-122.474,330.8,1.1,1,2017-10-10,1915,Terra,MODIS,54,6.03,300.1,23.2,D,0
38.3738,-122.4717,381.1,1.1,1,2017-10-10,1915,Terra,MODIS,100,6.03,304,174.7,D,0
38.3831,-122.4691,330.6,1.1,1,2017-10-10,1915,Terra,MODIS,29,6.03,297.7,24.9,D,0
38.3851,-122.4811,376.5,1.1,1,2017-10-10,1915,Terra,MODIS,100,6.03,303.5,152.5,D,0
38.3898,-122.4738,371.2,1.1,1,2017-10-10,1915,Terra,MODIS,100,6.03,300.6,131.4,D,0
38.3918,-122.4858,376.7,1.1,1,2017-10-10,1915,Terra,MODIS,100,6.03,304.5,154.5,D,0
38.3938,-122.4977,334.8,1.1,1,2017-10-10,1915,Terra,MODIS,78,6.03,298.8,32.4,D,0
38.3959,-122.5096,326.1,1.1,1,2017-10-10,1915,Terra,MODIS,68,6.03,298.1,20,D,0
38.4011,-122.4834,328.8,1.1,1,2017-10-10,1915,Terra,MODIS,83,6.03,294.7,27.3,D,0
38.4052,-122.5074,326.8,1.1,1,2017-10-10,1915,Terra,MODIS,80,6.03,296.6,22.5,D,0
38.5934,-122.6169,307.3,1.1,1,2017-10-10,1915,Terra,MODIS,17,6.03,296.6,5.2,D,0
38.5912,-122.7195,315.9,1.1,1,2017-10-10,1915,Terra,MODIS,33,6.03,293.8,12.2,D,0
38.5893,-122.7076,327.4,1.1,1,2017-10-10,1915,Terra,MODIS,67,6.03,296.3,23.7,D,0
38.5872,-122.6954,328.7,1.1,1,2017-10-10,1915,Terra,MODIS,77,6.03,296.5,24.7,D,0
38.5852,-122.683,315.8,1.1,1,2017-10-10,1915,Terra,MODIS,64,6.03,294.7,10.6,D,0
38.5709,-122.7123,333,1.1,1,2017-10-10,1915,Terra,MODIS,70,6.03,296.8,30.7,D,0
38.5597,-122.7024,314,1.1,1,2017-10-10,1915,Terra,MODIS,28,6.03,295.4,8.6,D,0
38.5383,-122.7459,312.5,1.1,1,2017-10-10,1915,Terra,MODIS,63,6.03,294,9.3,D,0
38.5291,-122.7484,311.3,1.1,1,2017-10-10,1915,Terra,MODIS,54,6.03,294.3,7.8,D,0
38.4095,-122.6282,326.1,1.1,1,2017-10-10,1915,Terra,MODIS,80,6.03,298.5,23.2,D,0
38.3839,-122.5318,318.4,1.1,1,2017-10-10,1915,Terra,MODIS,68,6.03,298.8,13.8,D,0
38.4371,-122.525,319.7,1.1,1,2017-10-10,1915,Terra,MODIS,54,6.03,296.6,14.7,D,0
38.4391,-122.537,324.6,1.1,1,2017-10-10,1915,Terra,MODIS,73,6.03,296.9,20.5,D,0
38.386,-122.5442,325.4,1.1,1,2017-10-10,1915,Terra,MODIS,79,6.03,298.8,22,D,0
38.4075,-122.6161,324.6,1.1,1,2017-10-10,1915,Terra,MODIS,78,6.03,299.7,21,D,0
38.4147,-122.6208,340.4,1.1,1,2017-10-10,1915,Terra,MODIS,90,6.03,301,42.8,D,0
38.4176,-122.5809,318.4,1.1,1,2017-10-10,1915,Terra,MODIS,18,6.03,296.1,10.7,D,0
38.4218,-122.6059,334.5,1.1,1,2017-10-10,1915,Terra,MODIS,64,6.03,298.2,31.8,D,0
38.4309,-122.6029,321.3,1.1,1,2017-10-10,1915,Terra,MODIS,29,6.03,294.1,15.8,D,0
38.7483,-122.8919,324,1.1,1,2017-10-10,1915,Terra,MODIS,80,6.03,295.5,19.1,D,0
38.3624,-122.4758,347.4,1.7,1.3,2017-10-10,2054,Aqua,MODIS,89,6.03,300.8,100.3,D,0
38.3776,-122.459,389.8,1.7,1.3,2017-10-10,2054,Aqua,MODIS,100,6.03,299.5,402.8,D,0
38.3325,-122.448,343.5,1.7,1.3,2017-10-10,2054,Aqua,MODIS,88,6.03,303.6,87.7,D,0
38.3437,-122.4509,365.1,1.7,1.3,2017-10-10,2054,Aqua,MODIS,100,6.03,310.4,197.4,D,0
38.3736,-122.4791,408.1,1.7,1.3,2017-10-10,2054,Aqua,MODIS,100,6.03,308.8,629.6,D,0
38.3885,-122.4636,323.7,1.7,1.3,2017-10-10,2054,Aqua,MODIS,53,6.03,293.7,35.2,D,0
38.3845,-122.4835,373.6,1.7,1.3,2017-10-10,2054,Aqua,MODIS,100,6.03,302.5,259.7,D,0
38.3957,-122.487,387.6,1.7,1.3,2017-10-10,2054,Aqua,MODIS,100,6.03,302.7,380.4,D,0
38.3916,-122.5078,384.1,1.7,1.3,2017-10-10,2054,Aqua,MODIS,100,6.03,307.1,343.1,D,0
38.5312,-122.748,320.1,1.7,1.3,2017-10-10,2054,Aqua,MODIS,75,6.03,295.5,27.9,D,0
38.5283,-122.754,318.8,1.7,1.3,2017-10-10,2054,Aqua,MODIS,75,6.03,295.4,27.1,D,0
38.5626,-122.7035,329.9,1.7,1.3,2017-10-10,2054,Aqua,MODIS,77,6.03,297,50.6,D,0
38.5587,-122.7228,329,1.7,1.3,2017-10-10,2054,Aqua,MODIS,60,6.03,295.6,47.2,D,0
38.5852,-122.7096,329.7,1.7,1.3,2017-10-10,2054,Aqua,MODIS,84,6.03,290.2,53.1,D,0
38.4115,-122.6415,312.6,1.7,1.3,2017-10-10,2054,Aqua,MODIS,28,6.03,298.4,13.2,D,0
38.4158,-122.6205,328.6,1.7,1.3,2017-10-10,2054,Aqua,MODIS,83,6.03,298.2,47.2,D,0
38.4194,-122.6023,341.6,1.7,1.3,2017-10-10,2054,Aqua,MODIS,91,6.03,297.8,87.8,D,0
38.4083,-122.5985,313.7,1.7,1.3,2017-10-10,2054,Aqua,MODIS,60,6.03,299.1,14,D,0
38.3707,-122.6072,343.3,1.7,1.3,2017-10-10,2054,Aqua,MODIS,92,6.03,300.7,92.5,D,0
38.3746,-122.5881,337,1.7,1.3,2017-10-10,2054,Aqua,MODIS,89,6.03,299,69,D,0
38.3598,-122.602,314.9,1.7,1.3,2017-10-10,2054,Aqua,MODIS,61,6.03,297.8,15.8,D,0
38.3637,-122.5833,312.6,1.7,1.3,2017-10-10,2054,Aqua,MODIS,25,6.03,297.5,11.3,D,0
38.3732,-122.601,334.5,1.7,1.3,2017-10-10,2054,Aqua,MODIS,87,6.03,299.8,63.4,D,0
38.3622,-122.596,349.6,1.7,1.3,2017-10-10,2054,Aqua,MODIS,95,6.03,299.7,121.8,D,0
38.3868,-122.4702,341.4,1.7,1.3,2017-10-10,2054,Aqua,MODIS,83,6.03,295.2,84.2,D,0
38.3826,-122.4905,343.7,1.7,1.3,2017-10-10,2054,Aqua,MODIS,89,6.03,302.2,89.1,D,0
38.3979,-122.4739,337,1.7,1.3,2017-10-10,2054,Aqua,MODIS,82,6.03,294.2,70.5,D,0
38.3938,-122.4941,401.5,1.7,1.3,2017-10-10,2054,Aqua,MODIS,100,6.03,306.9,543.8,D,0
38.3398,-122.4704,349,1.7,1.3,2017-10-10,2054,Aqua,MODIS,95,6.03,303.4,109.9,D,0
38.3551,-122.453,338.8,1.7,1.3,2017-10-10,2054,Aqua,MODIS,82,6.03,300,73.5,D,0
38.4008,-122.5178,399,1.7,1.3,2017-10-10,2054,Aqua,MODIS,100,6.03,312.6,514.5,D,0
38.3896,-122.5146,350.1,1.7,1.3,2017-10-10,2054,Aqua,MODIS,95,6.03,303.9,114.8,D,0
38.3469,-122.494,324.6,1.7,1.3,2017-10-10,2054,Aqua,MODIS,63,6.03,301,33.7,D,0
38.4048,-122.498,366.5,1.7,1.3,2017-10-10,2054,Aqua,MODIS,100,6.03,298,212.1,D,0
38.7464,-122.8993,317.8,1.7,1.3,2017-10-10,2054,Aqua,MODIS,73,6.03,298.4,24.5,D,0
38.7507,-122.8779,313.6,1.7,1.3,2017-10-10,2054,Aqua,MODIS,23,6.03,297.5,17.5,D,0
38.3911,-122.4796,318.5,1,1,2017-10-11,0619,Terra,MODIS,37,6.03,288.6,16.1,N,0
38.4163,-122.6353,326,1,1,2017-10-11,0619,Terra,MODIS,100,6.03,286.7,27.6,N,0
38.4345,-122.4953,313.8,1,1,2017-10-11,0619,Terra,MODIS,77,6.03,284,14,N,0
38.3297,-122.4602,303.7,1,1,2017-10-11,0619,Terra,MODIS,19,6.03,286.3,7,N,0
38.3388,-122.4622,319.6,1,1,2017-10-11,0619,Terra,MODIS,90,6.03,287,18.9,N,0
38.3474,-122.4579,305.3,1,1,2017-10-11,0619,Terra,MODIS,16,6.03,287.5,8.5,N,0
38.3579,-122.4486,343.7,1,1,2017-10-11,0619,Terra,MODIS,100,6.03,295,53.4,N,0
38.3564,-122.4601,358.9,1,1,2017-10-11,0619,Terra,MODIS,100,6.03,296.5,88.7,N,0
38.3534,-122.4831,316.8,1,1,2017-10-11,0619,Terra,MODIS,62,6.03,289.7,16.9,N,0
38.3519,-122.4945,315.3,1,1,2017-10-11,0619,Terra,MODIS,91,6.03,286.4,16.1,N,0
38.3669,-122.4507,369.7,1,1,2017-10-11,0619,Terra,MODIS,100,6.03,307.6,122.3,N,0
38.3654,-122.4622,376.5,1,1,2017-10-11,0619,Terra,MODIS,100,6.03,303.3,145.6,N,0
38.3639,-122.4738,349.4,1,1,2017-10-11,0619,Terra,MODIS,100,6.03,293.5,63.9,N,0
38.376,-122.4528,326.7,1,1,2017-10-11,0619,Terra,MODIS,69,6.03,294.2,25.2,N,0
38.3745,-122.4643,317.1,1,1,2017-10-11,0619,Terra,MODIS,44,6.03,289.6,15.3,N,0
38.385,-122.4545,321.2,1,1,2017-10-11,0619,Terra,MODIS,69,6.03,288.3,19.8,N,0
38.3835,-122.4661,314.6,1,1,2017-10-11,0619,Terra,MODIS,16,6.03,287.9,12.4,N,0
38.3926,-122.468,328.7,1,1,2017-10-11,0619,Terra,MODIS,97,6.03,289.2,28.2,N,0
38.4032,-122.4578,322.4,1,1,2017-10-11,0619,Terra,MODIS,100,6.03,287,22.5,N,0
38.4017,-122.4698,327.9,1,1,2017-10-11,0619,Terra,MODIS,89,6.03,288.2,26.9,N,0
38.4002,-122.4815,323.1,1,1,2017-10-11,0619,Terra,MODIS,47,6.03,289.2,20.5,N,0
38.4108,-122.4715,320.6,1,1,2017-10-11,0619,Terra,MODIS,47,6.03,287.8,18.8,N,0
38.4092,-122.4834,325.8,1,1,2017-10-11,0619,Terra,MODIS,0,6.03,291.2,22.6,N,0
38.4077,-122.4949,334.6,1,1,2017-10-11,0619,Terra,MODIS,50,6.03,291.7,34.5,N,0
38.4062,-122.5065,327.5,1,1,2017-10-11,0619,Terra,MODIS,20,6.03,289.9,26,N,0
38.3774,-122.5845,315.6,1,1,2017-10-11,0619,Terra,MODIS,92,6.03,287.1,16.6,N,0
38.3758,-122.5962,307.3,1,1,2017-10-11,0619,Terra,MODIS,61,6.03,284.9,9.9,N,0
38.4151,-122.5806,308.8,1,1,2017-10-11,0619,Terra,MODIS,57,6.03,286.9,10.7,N,0
38.4224,-122.5884,319.5,1,1,2017-10-11,0619,Terra,MODIS,99,6.03,287.3,20.4,N,0
38.4299,-122.6021,303.9,1,1,2017-10-11,0619,Terra,MODIS,31,6.03,285.1,7.9,N,0
38.4283,-122.614,316.9,1,1,2017-10-11,0619,Terra,MODIS,94,6.03,287.7,18.1,N,0
38.4315,-122.5187,331.8,1,1,2017-10-11,0619,Terra,MODIS,100,6.03,288.9,34.4,N,0
38.43,-122.5302,328.5,1,1,2017-10-11,0619,Terra,MODIS,100,6.03,288.8,30.2,N,0
38.4405,-122.5204,300.2,1,1,2017-10-11,0619,Terra,MODIS,12,6.03,284.2,5.5,N,0
38.439,-122.5321,311.7,1,1,2017-10-11,0619,Terra,MODIS,83,6.03,286.2,13.5,N,0
38.4088,-122.6275,317.9,1,1,2017-10-11,0619,Terra,MODIS,96,6.03,287.4,19.2,N,0
38.4178,-122.6239,319.1,1,1,2017-10-11,0619,Terra,MODIS,86,6.03,288.5,19.3,N,0
38.4268,-122.6256,300.1,1,1,2017-10-11,0619,Terra,MODIS,2,6.03,284.4,5.8,N,0
38.5287,-122.7611,301,1,1,2017-10-11,0620,Terra,MODIS,36,6.03,281.8,7.4,N,0
38.6403,-122.6121,317,1,1,2017-10-11,0620,Terra,MODIS,94,6.03,287,17.8,N,0
38.6388,-122.6238,310.3,1,1,2017-10-11,0620,Terra,MODIS,80,6.03,286.1,12.2,N,0
38.598,-122.7227,305.9,1,1,2017-10-11,0620,Terra,MODIS,24,6.03,279.5,9.2,N,0
38.7538,-122.8656,300.3,1,1,2017-10-11,0620,Terra,MODIS,24,6.03,282.4,6.8,N,0
38.7492,-122.9002,303.9,1,1,2017-10-11,0620,Terra,MODIS,50,6.03,284.5,8.2,N,0
38.5619,-122.7206,301.5,1,1,2017-10-11,0620,Terra,MODIS,24,6.03,278.3,6.6,N,0
38.4146,-122.6307,315.6,1.5,1.2,2017-10-11,1033,Aqua,MODIS,83,6.03,282.5,29.5,N,0
38.425,-122.6268,302.4,1.5,1.2,2017-10-11,1033,Aqua,MODIS,40,6.03,281.6,14.2,N,0
38.4323,-122.6063,301.6,1.5,1.2,2017-10-11,1033,Aqua,MODIS,22,6.03,284.2,13,N,0
38.4376,-122.5174,316.8,1.5,1.2,2017-10-11,1033,Aqua,MODIS,87,6.03,281.5,31.2,N,0
38.4114,-122.6145,320.6,1.5,1.2,2017-10-11,1033,Aqua,MODIS,100,6.03,284.9,37.3,N,0
38.7767,-122.8804,307,1.4,1.2,2017-10-11,1033,Aqua,MODIS,70,6.03,277.3,18.7,N,0
38.3574,-122.454,308.7,1.5,1.2,2017-10-11,1033,Aqua,MODIS,47,6.03,270.4,21,N,0
38.4329,-122.4928,309.9,3.6,1.8,2017-10-11,1820,Terra,MODIS,51,6.03,292.9,52.2,D,0
38.6042,-122.6845,301.7,3.7,1.8,2017-10-11,1820,Terra,MODIS,19,6.03,291,17.8,D,0
38.6061,-122.7282,304.1,3.7,1.8,2017-10-11,1820,Terra,MODIS,46,6.03,292.3,26.8,D,0
38.4169,-122.4951,309.5,3.6,1.8,2017-10-11,1820,Terra,MODIS,41,6.03,291.8,47.6,D,0
38.774,-122.8705,333.3,3.8,1.8,2017-10-11,1820,Terra,MODIS,88,6.03,291.7,216.9,D,0
38.6505,-122.6296,304,3.7,1.8,2017-10-11,1820,Terra,MODIS,42,6.03,290.9,32,D,0
38.6421,-122.6282,306.7,3.7,1.8,2017-10-11,1820,Terra,MODIS,57,6.03,291.4,40.9,D,0
38.7412,-122.8773,302.8,3.8,1.8,2017-10-11,1820,Terra,MODIS,25,6.03,291,24.6,D,0
38.7845,-122.879,323.1,3.8,1.8,2017-10-11,1820,Terra,MODIS,72,6.03,291.6,125.6,D,0
38.5971,-122.6919,302.2,3.7,1.8,2017-10-11,1820,Terra,MODIS,33,6.03,291.2,20.1,D,0
38.7795,-122.8734,350.6,4.1,1.9,2017-10-11,1958,Terra,MODIS,95,6.03,296.9,458.4,D,0
38.3465,-122.4664,347.3,4.4,1.9,2017-10-11,1958,Terra,MODIS,89,6.03,290.3,458.5,D,0
38.348,-122.4603,355.9,4.4,1.9,2017-10-11,1958,Terra,MODIS,92,6.03,291.8,625.4,D,0
38.3596,-122.5033,312,4.4,1.9,2017-10-11,1958,Terra,MODIS,50,6.03,291.4,80.8,D,0
38.4104,-122.4876,310.7,4.4,1.9,2017-10-11,1958,Terra,MODIS,25,6.03,289.8,66.3,D,0
38.4126,-122.482,315.5,4.4,1.9,2017-10-11,1958,Terra,MODIS,64,6.03,290,105.4,D,0
38.7685,-122.8313,337.5,4.1,1.9,2017-10-11,1958,Terra,MODIS,88,6.03,292.8,280.7,D,0
38.7628,-122.8774,328.1,4.1,1.9,2017-10-11,1958,Terra,MODIS,64,6.03,292.8,174.3,D,0
38.7523,-122.8374,317.9,4.1,1.9,2017-10-11,1958,Terra,MODIS,50,6.03,290,100.7,D,0
38.7464,-122.8826,321.1,4.1,1.9,2017-10-11,1958,Terra,MODIS,40,6.03,292.9,119.2,D,0
38.7413,-122.8872,324.9,4.1,1.9,2017-10-11,1958,Terra,MODIS,73,6.03,292.8,150.9,D,0
38.7835,-122.8643,319.9,4.1,1.9,2017-10-11,1958,Terra,MODIS,40,6.03,293,115,D,0
38.5974,-122.7476,315.4,4.2,1.9,2017-10-11,1958,Terra,MODIS,57,6.03,289.1,97.9,D,0
38.422,-122.5314,320.8,4.3,1.9,2017-10-11,1958,Terra,MODIS,68,6.03,292.8,136.5,D,0
38.4392,-122.5272,313,4.3,1.9,2017-10-11,1958,Terra,MODIS,31,6.03,292,82.1,D,0
38.4248,-122.527,330.9,4.3,1.9,2017-10-11,1958,Terra,MODIS,83,6.03,293.1,239.8,D,0
38.7672,-122.8699,363,4.1,1.9,2017-10-11,1958,Terra,MODIS,100,6.03,296.1,679.9,D,0
38.7562,-122.8291,329.3,4.1,1.9,2017-10-11,1958,Terra,MODIS,50,6.03,290.6,184.3,D,0
38.7708,-122.8724,357.9,1.3,1.1,2017-10-11,2137,Aqua,MODIS,99,6.03,304.3,113.1,D,0
38.5976,-122.6885,327.2,1.3,1.1,2017-10-11,2137,Aqua,MODIS,85,6.03,297.2,31.2,D,0
38.5873,-122.6869,325.3,1.3,1.1,2017-10-11,2137,Aqua,MODIS,84,6.03,296.3,28.6,D,0
38.5722,-122.7309,325.1,1.3,1.1,2017-10-11,2137,Aqua,MODIS,60,6.03,297.3,25.5,D,0
38.562,-122.7289,352.3,1.3,1.1,2017-10-11,2137,Aqua,MODIS,97,6.03,301.9,94.2,D,0
38.5636,-122.7137,348.8,1.3,1.1,2017-10-11,2137,Aqua,MODIS,95,6.03,300.4,82.6,D,0
38.5927,-122.734,330.9,1.3,1.1,2017-10-11,2137,Aqua,MODIS,60,6.03,300.2,35.6,D,0
38.5959,-122.7042,330.9,1.3,1.1,2017-10-11,2137,Aqua,MODIS,63,6.03,298,35.3,D,0
38.603,-122.7357,321.3,1.3,1.1,2017-10-11,2137,Aqua,MODIS,35,6.03,298.2,19.7,D,0
38.6348,-122.6338,316.3,1.4,1.2,2017-10-11,2137,Aqua,MODIS,70,6.03,300.6,15.4,D,0
38.6365,-122.6184,314.4,1.4,1.2,2017-10-11,2137,Aqua,MODIS,58,6.03,299.3,13.7,D,0
38.3479,-122.4549,355.3,1.4,1.2,2017-10-11,2137,Aqua,MODIS,98,6.03,292.8,109.3,D,0
38.3463,-122.4698,358.6,1.4,1.2,2017-10-11,2137,Aqua,MODIS,99,6.03,294.8,123,D,0
38.3448,-122.4845,349.3,1.4,1.2,2017-10-11,2137,Aqua,MODIS,96,6.03,295.1,90.7,D,0
38.3566,-122.4724,333.9,1.4,1.2,2017-10-11,2137,Aqua,MODIS,89,6.03,291.8,47.4,D,0
38.3551,-122.4868,328.4,1.4,1.2,2017-10-11,2137,Aqua,MODIS,86,6.03,290.7,37.4,D,0
38.4223,-122.5219,389,1.4,1.2,2017-10-11,2137,Aqua,MODIS,100,6.03,293.4,298.1,D,0
38.4208,-122.5362,332.9,1.4,1.2,2017-10-11,2137,Aqua,MODIS,71,6.03,289.9,45.7,D,0
38.4197,-122.6455,317.1,1.3,1.1,2017-10-11,2137,Aqua,MODIS,34,6.03,297.2,15.7,D,0
38.7809,-122.8748,333,1.3,1.1,2017-10-11,2137,Aqua,MODIS,88,6.03,294.5,43.7,D,0
38.7693,-122.8867,347.4,1.3,1.1,2017-10-11,2137,Aqua,MODIS,95,6.03,300.4,76.6,D,0
38.7723,-122.8588,326.5,1.3,1.1,2017-10-11,2137,Aqua,MODIS,72,6.03,297.7,30.1,D,0
38.7607,-122.8704,334.8,1.3,1.1,2017-10-11,2137,Aqua,MODIS,89,6.03,301,43.5,D,0
38.7621,-122.8566,432.2,1.3,1.1,2017-10-11,2137,Aqua,MODIS,100,6.03,320.8,756.6,D,0
38.7636,-122.8425,369.8,1.3,1.1,2017-10-11,2137,Aqua,MODIS,100,6.03,295.9,169.4,D,0
38.7521,-122.8538,312.6,1.3,1.1,2017-10-11,2137,Aqua,MODIS,21,6.03,295,11.5,D,0
38.7358,-122.9095,313.5,1.3,1.1,2017-10-11,2137,Aqua,MODIS,28,6.03,298.6,9.5,D,0
38.7373,-122.8949,400.3,1.3,1.1,2017-10-11,2137,Aqua,MODIS,100,6.03,310.6,372.1,D,0
38.7388,-122.8808,387.8,1.3,1.1,2017-10-11,2137,Aqua,MODIS,100,6.03,302.6,272.8,D,0
38.7287,-122.8782,332.7,1.3,1.1,2017-10-11,2137,Aqua,MODIS,87,6.03,296,40.4,D,0
38.7461,-122.8424,315.3,4,1.9,2017-10-12,0525,Terra,MODIS,91,6.03,283.6,125.5,N,0
38.7325,-122.8944,303,4.1,1.9,2017-10-12,0525,Terra,MODIS,53,6.03,283.5,60.5,N,0
38.7507,-122.8505,326.6,4,1.9,2017-10-12,0525,Terra,MODIS,100,6.03,284.5,206.4,N,0
38.7627,-122.8468,315.3,4,1.9,2017-10-12,0525,Terra,MODIS,91,6.03,282.6,125.1,N,0
38.7675,-122.8539,302.9,4,1.9,2017-10-12,0525,Terra,MODIS,49,6.03,281.9,59.5,N,0
38.7623,-122.8596,314.1,3.8,1.8,2017-10-12,0703,Terra,MODIS,84,6.03,281.9,107.4,N,0
38.7519,-122.863,325.3,3.8,1.8,2017-10-12,0703,Terra,MODIS,100,6.03,283.9,178.9,N,0
38.7459,-122.8556,314.2,3.8,1.8,2017-10-12,0703,Terra,MODIS,85,6.03,283.3,108,N,0
38.7546,-122.8579,306.1,2.5,1.5,2017-10-12,0937,Aqua,MODIS,8,6.03,282,33.5,N,0
38.659,-122.593,305.8,2.4,1.5,2017-10-12,0937,Aqua,MODIS,66,6.03,282.1,35.4,N,0
38.6606,-122.6158,340.8,2.4,1.5,2017-10-12,0937,Aqua,MODIS,100,6.03,284.1,170.3,N,0
38.6531,-122.6274,360.6,2.4,1.5,2017-10-12,0937,Aqua,MODIS,100,6.03,285.3,322,N,0
38.7836,-122.8829,325.9,2.5,1.5,2017-10-12,0937,Aqua,MODIS,100,6.03,282.4,98.9,N,0
38.7573,-122.8316,307.6,2.4,1.5,2017-10-12,0937,Aqua,MODIS,33,6.03,282.3,38.2,N,0
38.7326,-122.8682,302.6,2.5,1.5,2017-10-12,0937,Aqua,MODIS,15,6.03,281.7,27.7,N,0
38.6511,-122.6007,366,2.4,1.5,2017-10-12,0937,Aqua,MODIS,100,6.03,289.2,373.6,N,0
38.7888,-122.888,323,2.5,1.5,2017-10-12,0937,Aqua,MODIS,100,6.03,281.5,87.1,N,0
38.6457,-122.5953,336.3,2.4,1.5,2017-10-12,0937,Aqua,MODIS,100,6.03,284.9,141,N,0
38.6475,-122.6217,365.3,2.4,1.5,2017-10-12,0937,Aqua,MODIS,100,6.03,286.4,367.3,N,0
38.4302,-122.6141,318.5,1,1,2017-10-12,1903,Terra,MODIS,74,6.03,292.1,13.9,D,0
38.607,-122.6926,309.2,1,1,2017-10-12,1903,Terra,MODIS,31,6.03,294,5.1,D,0
38.6316,-122.604,320.2,1,1,2017-10-12,1903,Terra,MODIS,48,6.03,293.4,13.2,D,0
38.6389,-122.5903,330.1,1,1,2017-10-12,1903,Terra,MODIS,56,6.03,296.3,24.5,D,0
38.6405,-122.6018,366.4,1,1,2017-10-12,1903,Terra,MODIS,100,6.03,299.6,101.5,D,0
38.6453,-122.6362,315.6,1,1,2017-10-12,1903,Terra,MODIS,62,6.03,294.4,11,D,0
38.6478,-122.5881,322.6,1,1,2017-10-12,1903,Terra,MODIS,46,6.03,295.4,17.2,D,0
38.6494,-122.5995,349.9,1,1,2017-10-12,1903,Terra,MODIS,96,6.03,299.2,59.4,D,0
38.651,-122.6108,338,1,1,2017-10-12,1903,Terra,MODIS,42,6.03,302.8,35.8,D,0
38.6599,-122.6087,331,1,1,2017-10-12,1903,Terra,MODIS,59,6.03,293.7,27.3,D,0
38.5974,-122.6888,309.4,1,1,2017-10-12,1903,Terra,MODIS,42,6.03,293.8,6.5,D,0
38.6022,-122.7232,308.8,1,1,2017-10-12,1903,Terra,MODIS,48,6.03,298.3,5.6,D,0
38.6038,-122.7349,311.9,1,1,2017-10-12,1903,Terra,MODIS,65,6.03,296.4,7.9,D,0
38.7812,-122.8854,315.3,1,1,2017-10-12,1903,Terra,MODIS,68,6.03,298.8,11,D,0
38.3459,-122.4744,318.6,1,1,2017-10-12,1903,Terra,MODIS,45,6.03,296.4,10.9,D,0
38.6118,-122.7271,312.8,1,1,2017-10-12,1903,Terra,MODIS,59,6.03,295.1,8.3,D,0
38.7657,-122.8405,345.6,1,1,2017-10-12,1903,Terra,MODIS,94,6.03,296.5,51.6,D,0
38.7552,-122.8311,315.3,1,1,2017-10-12,1903,Terra,MODIS,31,6.03,291.3,11.4,D,0
38.4211,-122.6245,304,2.6,1.6,2017-10-12,2042,Aqua,MODIS,35,6.03,293.3,12.7,D,0
38.388,-122.455,309.1,2.5,1.5,2017-10-12,2042,Aqua,MODIS,37,6.03,293.8,20.7,D,0
38.4148,-122.4904,309.8,2.6,1.5,2017-10-12,2042,Aqua,MODIS,42,6.03,295.5,23.4,D,0
38.7645,-122.8358,310.3,2.6,1.6,2017-10-12,2042,Aqua,MODIS,27,6.03,292,29.9,D,0
38.6458,-122.5938,311,2.6,1.5,2017-10-12,2042,Aqua,MODIS,60,6.03,293.3,33.1,D,0
38.4211,-122.4991,309.7,2.6,1.5,2017-10-12,2042,Aqua,MODIS,52,6.03,296.7,25.4,D,0
38.6389,-122.6241,313.4,2.6,1.5,2017-10-12,2042,Aqua,MODIS,64,6.03,296.4,38.5,D,0
38.6306,-122.6275,309.8,2.6,1.5,2017-10-12,2042,Aqua,MODIS,36,6.03,296,26,D,0
38.6052,-122.7082,306.2,2.6,1.6,2017-10-12,2042,Aqua,MODIS,57,6.03,295.5,15.8,D,0
38.6375,-122.598,318.2,2.6,1.5,2017-10-12,2042,Aqua,MODIS,77,6.03,294.3,55.3,D,0
38.7572,-122.8677,310.5,2.6,1.6,2017-10-12,2042,Aqua,MODIS,21,6.03,295.9,29.2,D,0
38.4211,-122.6239,304.9,1.1,1,2017-10-13,0607,Terra,MODIS,62,6.03,285.8,9.5,N,0
38.4381,-122.4562,355.2,1,1,2017-10-13,0607,Terra,MODIS,100,6.03,292.1,80.5,N,0
38.4363,-122.4681,342.9,1,1,2017-10-13,0607,Terra,MODIS,100,6.03,291.4,52.6,N,0
38.4253,-122.4779,317,1,1,2017-10-13,0607,Terra,MODIS,94,6.03,288.5,16.7,N,0
38.4344,-122.48,317.9,1,1,2017-10-13,0607,Terra,MODIS,96,6.03,288,17.8,N,0
38.7232,-122.8774,334.6,1.1,1,2017-10-13,0607,Terra,MODIS,100,6.03,287.9,41.1,N,0
38.7252,-122.8652,310,1.1,1,2017-10-13,0607,Terra,MODIS,71,6.03,286.2,12.4,N,0
38.7271,-122.8529,314,1.1,1,2017-10-13,0607,Terra,MODIS,88,6.03,285.8,15.7,N,0
38.7291,-122.8406,326.1,1.1,1,2017-10-13,0607,Terra,MODIS,100,6.03,285.2,28.6,N,0
38.6097,-122.7231,304.3,1.1,1,2017-10-13,0607,Terra,MODIS,60,6.03,284.6,8.9,N,0
38.4302,-122.6266,303.5,1.1,1,2017-10-13,0607,Terra,MODIS,55,6.03,282.9,8.6,N,0
38.7841,-122.8984,304.3,1.1,1,2017-10-13,0607,Terra,MODIS,60,6.03,284.1,9.5,N,0
38.6461,-122.6015,308.2,1,1,2017-10-13,0607,Terra,MODIS,74,6.03,286.9,11.1,N,0
38.7583,-122.8352,308.3,1.1,1,2017-10-13,0607,Terra,MODIS,47,6.03,284.9,10.9,N,0
38.7324,-122.8795,313.2,1.1,1,2017-10-13,0607,Terra,MODIS,86,6.03,284.5,15.6,N,0
38.7363,-122.8548,311.4,1.1,1,2017-10-13,0607,Terra,MODIS,82,6.03,284.5,13.4,N,0
38.7382,-122.8427,309.7,1.1,1,2017-10-13,0607,Terra,MODIS,72,6.03,282,11.9,N,0
38.4291,-122.4541,309.8,1,1,2017-10-13,0607,Terra,MODIS,78,6.03,288.6,11.9,N,0
38.4272,-122.4661,328.7,1,1,2017-10-13,0607,Terra,MODIS,100,6.03,290,30.4,N,0
38.4329,-122.6178,302.3,1.1,1,2017-10-13,1020,Aqua,MODIS,48,6.03,282.8,9,N,0
38.7278,-122.8362,302.4,1.1,1,2017-10-13,1020,Aqua,MODIS,24,6.03,281.7,7.8,N,0
38.7389,-122.8461,307.2,1.1,1,2017-10-13,1020,Aqua,MODIS,65,6.03,283.2,10.9,N,0
38.7828,-122.8915,300.1,1.1,1,2017-10-13,1020,Aqua,MODIS,15,6.03,281.3,7.4,N,0
38.4404,-122.4557,346.8,1.1,1,2017-10-13,1020,Aqua,MODIS,100,6.03,290.3,65.8,N,0
38.4332,-122.4702,308.9,1.1,1,2017-10-13,1020,Aqua,MODIS,47,6.03,286.6,11.3,N,0
38.6555,-122.6297,323.7,1.1,1,2017-10-13,1020,Aqua,MODIS,100,6.03,285.4,27,N,0
38.6536,-122.6181,318.2,1.1,1,2017-10-13,1020,Aqua,MODIS,96,6.03,283.9,20.6,N,0
38.4425,-122.4682,305.5,1.1,1,2017-10-13,1020,Aqua,MODIS,12,6.03,285.2,8.9,N,0
38.4312,-122.4582,320.7,1.1,1,2017-10-13,1020,Aqua,MODIS,100,6.03,287.2,22.8,N,0
38.4353,-122.4751,335.1,2.9,1.6,2017-10-13,1946,Terra,MODIS,89,6.03,297.4,151.7,D,0
38.4012,-122.4464,314.5,2.9,1.6,2017-10-13,1946,Terra,MODIS,30,6.03,292.6,42.4,D,0
38.3998,-122.4533,311.4,2.9,1.6,2017-10-13,1946,Terra,MODIS,64,6.03,292,35.8,D,0
38.4374,-122.4701,333.3,2.9,1.6,2017-10-13,1946,Terra,MODIS,88,6.03,297.8,136.1,D,0
38.4229,-122.4732,319.2,2.9,1.6,2017-10-13,1946,Terra,MODIS,78,6.03,294.3,65.4,D,0
38.4371,-122.4853,379.4,1,1,2017-10-13,2125,Aqua,MODIS,100,6.03,304.5,153.8,D,0
38.4356,-122.4971,344.1,1,1,2017-10-13,2125,Aqua,MODIS,92,6.03,300,48.4,D,0
38.4461,-122.4874,332.9,1,1,2017-10-13,2125,Aqua,MODIS,86,6.03,294.6,30.2,D,0
38.337,-122.4817,334.2,1,1,2017-10-13,2125,Aqua,MODIS,86,6.03,295.5,33.3,D,0
38.7308,-122.8382,319.1,1,1,2017-10-13,2125,Aqua,MODIS,64,6.03,304.6,12.3,D,0
38.7336,-122.8863,318.8,1,1,2017-10-13,2125,Aqua,MODIS,72,6.03,302.2,9.9,D,0
38.4236,-122.4459,319.6,1,1,2017-10-13,2125,Aqua,MODIS,57,6.03,294.8,13.3,D,0
38.4221,-122.4576,348,1,1,2017-10-13,2125,Aqua,MODIS,94,6.03,299.2,56.4,D,0
38.4206,-122.4693,367.2,1,1,2017-10-13,2125,Aqua,MODIS,100,6.03,299.6,107.7,D,0
38.4326,-122.448,331.3,1,1,2017-10-13,2125,Aqua,MODIS,77,6.03,295.9,26.3,D,0
38.4386,-122.4736,369.1,1,1,2017-10-13,2125,Aqua,MODIS,100,6.03,299.8,114.2,D,0
38.7785,-122.8966,327.9,1,1,2017-10-13,2125,Aqua,MODIS,82,6.03,303.9,20.8,D,0
38.777,-122.9081,313.4,1,1,2017-10-13,2125,Aqua,MODIS,40,6.03,301.8,5.7,D,0
38.4065,-122.4485,336.4,1,1,2017-10-13,2125,Aqua,MODIS,68,6.03,295.2,33.4,D,0
38.3355,-122.4932,330.6,1,1,2017-10-13,2125,Aqua,MODIS,84,6.03,296,28.3,D,0
38.6487,-122.6282,316.2,1,1,2017-10-13,2125,Aqua,MODIS,59,6.03,299.7,11.5,D,0
38.6473,-122.6394,317.1,1,1,2017-10-13,2125,Aqua,MODIS,63,6.03,297,11.6,D,0
38.4278,-122.6273,321.3,1,1,2017-10-13,2125,Aqua,MODIS,75,6.03,297.3,15.1,D,0
38.5703,-122.7305,317.4,1,1,2017-10-13,2125,Aqua,MODIS,70,6.03,297.6,10.7,D,0
38.5687,-122.7421,312.5,1,1,2017-10-13,2125,Aqua,MODIS,58,6.03,296.9,6.7,D,0
38.7237,-122.8309,363.9,1,1,2017-10-13,2125,Aqua,MODIS,100,6.03,306.2,94.7,D,0
38.4446,-122.499,335.3,1,1,2017-10-13,2125,Aqua,MODIS,87,6.03,297.5,34.3,D,0
38.7222,-122.8424,328.7,1,1,2017-10-13,2125,Aqua,MODIS,82,6.03,304.6,21,D,0
38.4492,-122.4812,303.6,2.6,1.5,2017-10-14,0650,Terra,MODIS,56,6.03,287.9,31.2,N,0
38.7644,-122.7859,312.2,3.8,1.8,2017-10-14,0925,Aqua,MODIS,84,6.03,285.5,93.7,N,0
38.7755,-122.7929,319.4,3.8,1.8,2017-10-14,0925,Aqua,MODIS,99,6.03,285.3,135,N,0
38.7778,-122.8399,312.2,3.8,1.8,2017-10-14,0925,Aqua,MODIS,84,6.03,285.5,93.5,N,0
38.4349,-122.4546,315,3.6,1.8,2017-10-14,0925,Aqua,MODIS,90,6.03,287.7,93.5,N,0
38.4251,-122.4612,311.7,3.6,1.8,2017-10-14,0925,Aqua,MODIS,83,6.03,287.6,76.9,N,0
38.7664,-122.8321,320.2,3.8,1.8,2017-10-14,0925,Aqua,MODIS,100,6.03,285.7,142.3,N,0
38.4167,-122.4611,333.1,4.4,1.9,2017-10-14,1103,Aqua,MODIS,100,6.03,287.7,291.4,N,0
38.3213,-122.4481,306,4.4,1.9,2017-10-14,1103,Aqua,MODIS,40,6.03,288.2,75.7,N,0
38.4338,-122.4566,336.6,4.4,1.9,2017-10-14,1103,Aqua,MODIS,100,6.03,288.5,333.2,N,0
38.4193,-122.4553,359.7,4.4,1.9,2017-10-14,1103,Aqua,MODIS,100,6.03,289.7,733.9,N,0
38.4362,-122.45,312.8,4.4,1.9,2017-10-14,1103,Aqua,MODIS,80,6.03,287.5,112.6,N,0
38.4495,-122.5822,343.2,1.3,1.1,2017-10-14,1851,Terra,MODIS,92,6.03,302.6,62.4,D,0
38.4594,-122.5794,317.7,1.3,1.1,2017-10-14,1851,Terra,MODIS,28,6.03,298.9,14.8,D,0
38.4479,-122.5676,324.9,1.3,1.1,2017-10-14,1851,Terra,MODIS,71,6.03,299,24.4,D,0
38.6486,-122.6354,321.8,1.3,1.1,2017-10-14,1851,Terra,MODIS,65,6.03,298,21.2,D,0
38.4036,-122.4454,328.4,1.2,1.1,2017-10-14,1851,Terra,MODIS,63,6.03,297.6,28.3,D,0
38.4479,-122.479,323.6,1.2,1.1,2017-10-14,1851,Terra,MODIS,66,6.03,300.7,22.6,D,0
38.4495,-122.4931,344,1.2,1.1,2017-10-14,1851,Terra,MODIS,93,6.03,302.5,64.2,D,0
38.4351,-122.517,308.1,3.9,1.8,2017-10-14,2030,Aqua,MODIS,46,6.03,297.1,30.4,D,0
38.4483,-122.4938,310.2,4.1,1.9,2017-10-14,2208,Aqua,MODIS,17,6.03,300,31.3,D,0
38.4613,-122.4971,318,1.4,1.2,2017-10-15,0555,Terra,MODIS,96,6.03,289.1,25.4,N,0
38.6584,-122.6155,304.7,1.4,1.2,2017-10-15,0555,Terra,MODIS,61,6.03,287.3,12.1,N,0
38.7755,-122.8145,304.1,1.4,1.2,2017-10-15,0555,Terra,MODIS,59,6.03,287.1,12,N,0
38.445,-122.5269,307.4,1.4,1.2,2017-10-15,0555,Terra,MODIS,71,6.03,289.9,14.4,N,0
38.4585,-122.5122,331,1.4,1.2,2017-10-15,0555,Terra,MODIS,100,6.03,290.9,48.9,N,0
38.4537,-122.596,305,1.4,1.2,2017-10-15,0555,Terra,MODIS,63,6.03,287.6,12.9,N,0
38.4481,-122.5099,345.6,1.4,1.2,2017-10-15,0555,Terra,MODIS,100,6.03,297,87.2,N,0
38.451,-122.4943,356.5,1.4,1.2,2017-10-15,0555,Terra,MODIS,100,6.03,294.5,124,N,0
38.4377,-122.5077,313,1.4,1.2,2017-10-15,0555,Terra,MODIS,75,6.03,290.7,19.6,N,0
38.42,-122.4479,321.7,1.4,1.2,2017-10-15,0555,Terra,MODIS,77,6.03,290.2,30.2,N,0
38.6551,-122.6333,309,1.4,1.2,2017-10-15,0555,Terra,MODIS,76,6.03,288.7,16.7,N,0
38.4568,-122.5792,348.6,1.4,1.2,2017-10-15,0555,Terra,MODIS,100,6.03,292.3,99.5,N,0
38.4406,-122.5108,310.6,1,1,2017-10-15,1008,Aqua,MODIS,21,6.03,290.1,10.1,N,0
38.4479,-122.4973,336.2,1,1,2017-10-15,1008,Aqua,MODIS,100,6.03,293.7,38.4,N,0
38.4495,-122.5086,324,1,1,2017-10-15,1008,Aqua,MODIS,100,6.03,294,21.9,N,0
38.6611,-122.6373,306.8,1,1,2017-10-15,1008,Aqua,MODIS,69,6.03,286.8,9.1,N,0
38.4438,-122.5338,305.9,1,1,2017-10-15,1008,Aqua,MODIS,66,6.03,289.8,8.8,N,0
38.4502,-122.5794,320.8,1,1,2017-10-15,1008,Aqua,MODIS,100,6.03,287.3,20.8,N,0
38.4511,-122.5202,365.7,1,1,2017-10-15,1008,Aqua,MODIS,100,6.03,304.2,104.5,N,0
38.4527,-122.5316,333.1,1,1,2017-10-15,1008,Aqua,MODIS,100,6.03,292.7,34.3,N,0
38.4575,-122.5657,305.1,1,1,2017-10-15,1008,Aqua,MODIS,56,6.03,290.4,7.7,N,0
38.4591,-122.5772,357.8,1,1,2017-10-15,1008,Aqua,MODIS,100,6.03,295.4,83.3,N,0
38.4608,-122.5888,316.6,1,1,2017-10-15,1008,Aqua,MODIS,90,6.03,289.7,16.4,N,0
38.4584,-122.5065,326.5,1,1,2017-10-15,1008,Aqua,MODIS,100,6.03,293.1,25,N,0
38.46,-122.518,382.1,1,1,2017-10-15,1008,Aqua,MODIS,100,6.03,302.8,164.6,N,0
38.4616,-122.5294,310.5,1,1,2017-10-15,1008,Aqua,MODIS,80,6.03,289.5,10.6,N,0
38.6595,-122.6256,363.2,1,1,2017-10-15,1008,Aqua,MODIS,100,6.03,293.8,98.5,N,0
38.6579,-122.6141,349.4,1,1,2017-10-15,1008,Aqua,MODIS,100,6.03,291.2,63.2,N,0
38.439,-122.4994,311.7,1,1,2017-10-15,1008,Aqua,MODIS,52,6.03,289.3,11.1,N,0
38.7961,-122.8761,301.3,1,1,2017-10-15,1008,Aqua,MODIS,26,6.03,281.4,6.9,N,0
38.6684,-122.6234,367.7,1,1,2017-10-15,1008,Aqua,MODIS,100,6.03,292.5,112,N,0
38.6668,-122.6122,369.8,1,1,2017-10-15,1008,Aqua,MODIS,100,6.03,297.6,119.1,N,0
38.4422,-122.5223,336,1,1,2017-10-15,1008,Aqua,MODIS,100,6.03,293.9,39,N,0
38.4614,-122.578,311.3,1.8,1.3,2017-10-15,1934,Terra,MODIS,23,6.03,296.4,14.1,D,0
38.4575,-122.5591,410.1,1.8,1.3,2017-10-15,1934,Terra,MODIS,100,6.03,302.8,767.9,D,0
38.4392,-122.5046,324.1,1.9,1.3,2017-10-15,1934,Terra,MODIS,41,6.03,299.9,35,D,0
38.6609,-122.633,320,1.8,1.3,2017-10-15,1934,Terra,MODIS,74,6.03,298.1,35.1,D,0
38.4517,-122.5657,323,1.8,1.3,2017-10-15,1934,Terra,MODIS,73,6.03,297.5,35.5,D,0
38.4475,-122.5449,371.7,1.9,1.3,2017-10-15,1934,Terra,MODIS,100,6.03,302.5,280.4,D,0
38.7699,-122.8206,321.7,1.8,1.3,2017-10-15,1934,Terra,MODIS,69,6.03,301.9,34,D,0
38.6569,-122.6137,310.7,1.8,1.3,2017-10-15,1934,Terra,MODIS,47,6.03,298.5,17.5,D,0
38.4529,-122.5374,427.9,1.9,1.3,2017-10-15,1934,Terra,MODIS,100,6.03,311.1,1129.6,D,0
38.77,-122.807,312.9,1.8,1.3,2017-10-15,1934,Terra,MODIS,57,6.03,299.9,18.7,D,0
38.4432,-122.5241,328.7,1.9,1.3,2017-10-15,1934,Terra,MODIS,42,6.03,298.6,44.4,D,0
38.4443,-122.4968,327.8,1.9,1.3,2017-10-15,1934,Terra,MODIS,45,6.03,300.8,46.8,D,0
38.4691,-122.5554,350.1,1.8,1.3,2017-10-15,1934,Terra,MODIS,96,6.03,292.9,140.9,D,0
38.4649,-122.5354,383.5,1.9,1.3,2017-10-15,1934,Terra,MODIS,100,6.03,297.2,402,D,0
38.4606,-122.5152,322.1,1.9,1.3,2017-10-15,1934,Terra,MODIS,24,6.03,296.2,35,D,0
38.4595,-122.5417,383.8,1,1,2017-10-15,2112,Aqua,MODIS,100,6.03,317.5,175.4,D,0
38.6573,-122.6421,312.3,1,1,2017-10-15,2112,Aqua,MODIS,33,6.03,301.3,7.4,D,0
38.6593,-122.6295,343.6,1,1,2017-10-15,2112,Aqua,MODIS,92,6.03,301.1,49.8,D,0
38.4442,-122.4711,333.3,1,1,2017-10-15,2112,Aqua,MODIS,75,6.03,301.1,26.1,D,0
38.4629,-122.5797,319.5,1,1,2017-10-15,2112,Aqua,MODIS,58,6.03,300.7,11.8,D,0
38.4538,-122.5776,327.8,1,1,2017-10-15,2112,Aqua,MODIS,80,6.03,304.6,20.1,D,0
38.4557,-122.5654,337.1,1,1,2017-10-15,2112,Aqua,MODIS,88,6.03,304.6,33.7,D,0
38.4577,-122.5533,408.7,1,1,2017-10-15,2112,Aqua,MODIS,100,6.03,329.7,323.7,D,0
38.4614,-122.5299,325.2,1,1,2017-10-15,2112,Aqua,MODIS,77,6.03,299.6,19.4,D,0
38.4485,-122.5515,366.3,1,1,2017-10-15,2112,Aqua,MODIS,100,6.03,314.9,102.9,D,0
38.4504,-122.5398,367.8,1,1,2017-10-15,2112,Aqua,MODIS,100,6.03,317,108.6,D,0
38.4523,-122.528,355.3,1,1,2017-10-15,2112,Aqua,MODIS,97,6.03,309.5,71.8,D,0
38.4413,-122.5378,353.6,1,1,2017-10-15,2112,Aqua,MODIS,97,6.03,308.3,65.5,D,0
38.4432,-122.5259,333.3,1,1,2017-10-15,2112,Aqua,MODIS,84,6.03,304.9,26.8,D,0
38.7613,-122.812,317.1,1.1,1,2017-10-15,2112,Aqua,MODIS,67,6.03,299.4,11.8,D,0
38.7672,-122.8192,327.9,1.1,1,2017-10-15,2112,Aqua,MODIS,81,6.03,303.6,24,D,0
38.4541,-122.5504,335.2,1.6,1.3,2017-10-16,0638,Terra,MODIS,100,6.03,293.1,75,N,0
38.4525,-122.5678,308.1,1.6,1.3,2017-10-16,0638,Terra,MODIS,30,6.03,291.7,17.5,N,0
38.467,-122.5343,327.4,1.7,1.3,2017-10-16,0638,Terra,MODIS,100,6.03,291.3,52.1,N,0
38.4653,-122.5531,340.4,1.6,1.3,2017-10-16,0638,Terra,MODIS,100,6.03,293.5,90.7,N,0
38.4637,-122.5707,334.5,1.6,1.3,2017-10-16,0638,Terra,MODIS,100,6.03,293.3,72.1,N,0
38.4497,-122.472,307.4,1.7,1.3,2017-10-16,0638,Terra,MODIS,70,6.03,291.9,18.7,N,0
38.4621,-122.5879,322.8,1.6,1.3,2017-10-16,0638,Terra,MODIS,100,6.03,292.3,43.4,N,0
38.4592,-122.4944,372.6,1.7,1.3,2017-10-16,0638,Terra,MODIS,100,6.03,295.1,263.9,N,0
38.4612,-122.4728,361.9,1.7,1.3,2017-10-16,0638,Terra,MODIS,100,6.03,292.7,195.2,N,0
38.443,-122.5462,308.5,1.6,1.3,2017-10-16,0638,Terra,MODIS,28,6.03,291.5,18.3,N,0
38.454,-122.548,309.1,2.8,1.6,2017-10-16,1051,Aqua,MODIS,54,6.03,291.1,45.2,N,0
38.4748,-122.5721,304.5,2.8,1.6,2017-10-16,1051,Aqua,MODIS,13,6.03,289.1,30.6,N,0
38.4683,-122.5443,310.3,2.8,1.6,2017-10-16,1051,Aqua,MODIS,43,6.03,291,45.8,N,0
38.4611,-122.514,315,2.8,1.6,2017-10-16,1051,Aqua,MODIS,56,6.03,290.8,61.6,N,0
38.4532,-122.4834,317,1.8,1.3,2017-10-16,1839,Terra,MODIS,59,6.03,301.3,22.6,D,0
38.4606,-122.5684,319.6,1.9,1.3,2017-10-16,1839,Terra,MODIS,66,6.03,299.7,31.6,D,0
38.4469,-122.5506,320.8,1.9,1.3,2017-10-16,1839,Terra,MODIS,57,6.03,297.6,33.3,D,0
38.4516,-122.4646,327.5,1.8,1.3,2017-10-16,1839,Terra,MODIS,83,6.03,300,49.3,D,0
38.4454,-122.5696,316.7,2.6,1.5,2017-10-16,2155,Aqua,MODIS,60,6.03,296.1,47.4,D,0
38.7716,-122.8676,324.9,2.5,1.5,2017-10-16,2155,Aqua,MODIS,82,6.03,301.4,64.7,D,0
38.4576,-122.5519,303.5,2.1,1.4,2017-10-17,0543,Terra,MODIS,56,6.03,287.5,19.1,N,0
38.7901,-122.8239,305.2,2.1,1.4,2017-10-17,0543,Terra,MODIS,61,6.03,281.3,23.6,N,0
38.7845,-122.8434,302.6,2.1,1.4,2017-10-17,0543,Terra,MODIS,50,6.03,283.6,19.4,N,0
38.7898,-122.8183,301.4,2.1,1.4,2017-10-17,0543,Terra,MODIS,33,6.03,281.5,17.5,N,0
38.4447,-122.551,325.2,2.1,1.4,2017-10-17,0543,Terra,MODIS,100,6.03,289.3,69.8,N,0
38.4521,-122.5782,307.7,2.1,1.4,2017-10-17,0543,Terra,MODIS,72,6.03,289.3,26.9,N,0
38.4584,-122.5576,308.9,2.1,1.4,2017-10-17,0543,Terra,MODIS,52,6.03,288.5,26.7,N,0
38.4519,-122.4559,302.4,2.1,1.4,2017-10-17,0543,Terra,MODIS,38,6.03,285.6,19.8,N,0
38.4598,-122.4803,311.6,2.1,1.4,2017-10-17,0543,Terra,MODIS,83,6.03,286.4,34.8,N,0
38.4383,-122.535,305.5,1.3,1.1,2017-10-17,0956,Aqua,MODIS,63,6.03,288.6,11.8,N,0
38.7968,-122.8368,328.4,1.3,1.1,2017-10-17,0956,Aqua,MODIS,100,6.03,290,41,N,0
38.4616,-122.4727,317.1,1.2,1.1,2017-10-17,0956,Aqua,MODIS,94,6.03,292.2,22.6,N,0
38.4601,-122.4593,343,1.2,1.1,2017-10-17,0956,Aqua,MODIS,100,6.03,293.9,69,N,0
38.4585,-122.4458,336.4,1.2,1.1,2017-10-17,0956,Aqua,MODIS,100,6.03,289,54.8,N,0
38.4501,-122.4606,312.6,1.2,1.1,2017-10-17,0956,Aqua,MODIS,85,6.03,290.9,17.2,N,0
38.7951,-122.8217,309.5,1.3,1.1,2017-10-17,0956,Aqua,MODIS,52,6.03,288.5,14.5,N,0
38.4716,-122.4713,312.6,1.2,1.1,2017-10-17,0956,Aqua,MODIS,85,6.03,288.8,18.5,N,0
38.4486,-122.4471,314.8,1.2,1.1,2017-10-17,0956,Aqua,MODIS,90,6.03,289.7,20.2,N,0
38.4612,-122.5581,325.1,1.3,1.1,2017-10-17,0956,Aqua,MODIS,100,6.03,290.5,33.5,N,0
38.4531,-122.576,303.7,1.3,1.1,2017-10-17,0956,Aqua,MODIS,29,6.03,286.7,9.9,N,0
38.4514,-122.5611,324.3,1.3,1.1,2017-10-17,0956,Aqua,MODIS,100,6.03,290.2,32.4,N,0
38.4498,-122.5468,316.1,1.3,1.1,2017-10-17,0956,Aqua,MODIS,74,6.03,291.1,20.9,N,0
38.44,-122.5497,319.6,1.3,1.1,2017-10-17,0956,Aqua,MODIS,99,6.03,287.9,26.3,N,0
38.7774,-122.8527,322.5,1.2,1.1,2017-10-17,1921,Terra,MODIS,78,6.03,285.9,21.4,D,0
38.7978,-122.8404,316.8,1.2,1.1,2017-10-17,1921,Terra,MODIS,56,6.03,284.1,15.6,D,0
38.4382,-122.5759,328.3,1.1,1.1,2017-10-18,0626,Terra,MODIS,100,6.03,280.5,35.3,N,0
38.4397,-122.5631,372,1.1,1.1,2017-10-18,0626,Terra,MODIS,100,6.03,287.6,153.7,N,0
38.4412,-122.5504,310.9,1.1,1.1,2017-10-18,0626,Terra,MODIS,81,6.03,283.2,15.2,N,0
38.8078,-122.8733,328.7,1.1,1.1,2017-10-18,0626,Terra,MODIS,100,6.03,287.9,33,N,0
38.8094,-122.8601,307,1.1,1.1,2017-10-18,0626,Terra,MODIS,19,6.03,285.2,9.3,N,0
38.7983,-122.8713,358.4,1.1,1.1,2017-10-18,0626,Terra,MODIS,100,6.03,292.1,97.7,N,0
38.7998,-122.8589,369.2,1.1,1.1,2017-10-18,0626,Terra,MODIS,100,6.03,293,134.9,N,0
38.4476,-122.5782,326.5,1.1,1.1,2017-10-18,0626,Terra,MODIS,100,6.03,282.8,32.5,N,0
38.4491,-122.5656,347.3,1.1,1.1,2017-10-18,0626,Terra,MODIS,100,6.03,286,72.4,N,0
38.4506,-122.5532,301.7,1.1,1.1,2017-10-18,0626,Terra,MODIS,44,6.03,282.2,8,N,0
38.8166,-122.8931,333.7,1.7,1.3,2017-10-18,1039,Aqua,MODIS,100,6.03,290.2,78.9,N,0
38.8013,-122.8772,308.5,1.7,1.3,2017-10-18,1039,Aqua,MODIS,30,6.03,287.1,21.1,N,0
38.8126,-122.8737,328,1.7,1.3,2017-10-18,1039,Aqua,MODIS,100,6.03,291.5,60.7,N,0
38.7936,-122.84,307.2,1.7,1.3,2017-10-18,1039,Aqua,MODIS,22,6.03,289.4,19,N,0
38.4426,-122.5673,303.4,1.8,1.3,2017-10-18,1039,Aqua,MODIS,43,6.03,282.9,18.6,N,0
38.4547,-122.566,304.4,1.8,1.3,2017-10-18,1039,Aqua,MODIS,41,6.03,288.6,19.6,N,0
38.7975,-122.859,327.5,1.7,1.3,2017-10-18,1039,Aqua,MODIS,100,6.03,290.4,60.8,N,0
38.7948,-122.8496,340,3.1,1.7,2017-10-18,1826,Terra,MODIS,91,6.03,296.4,202.5,D,0
38.8132,-122.8921,330.1,3.1,1.7,2017-10-18,1826,Terra,MODIS,85,6.03,297.2,132,D,0
38.7961,-122.8574,336.7,3.1,1.7,2017-10-18,1826,Terra,MODIS,89,6.03,296.8,178.5,D,0
38.7939,-122.8202,316.7,3,1.7,2017-10-18,1826,Terra,MODIS,72,6.03,294.1,58.1,D,0
38.8118,-122.8847,333,3.1,1.7,2017-10-18,1826,Terra,MODIS,87,6.03,297.3,149.9,D,0
38.7938,-122.8788,336,1.6,1.2,2017-10-18,2143,Aqua,MODIS,47,6.03,307.1,55.8,D,0
38.8143,-122.9012,334.3,1.6,1.2,2017-10-18,2143,Aqua,MODIS,82,6.03,299.8,52.7,D,0
38.8049,-122.8809,324.6,1.6,1.2,2017-10-18,2143,Aqua,MODIS,54,6.03,301,30.6,D,0
38.7842,-122.8599,338.5,1.6,1.2,2017-10-18,2143,Aqua,MODIS,55,6.03,302.5,61.1,D,0
38.7859,-122.8413,347.5,1.6,1.2,2017-10-18,2143,Aqua,MODIS,85,6.03,300.9,97.4,D,0
38.7874,-122.8243,329.9,1.6,1.2,2017-10-18,2143,Aqua,MODIS,55,6.03,295.6,44.5,D,0
38.7853,-122.8543,344.7,1.6,1.2,2017-10-18,2143,Aqua,MODIS,93,6.03,303.4,84.3,D,0
38.7871,-122.8362,348.2,1.6,1.2,2017-10-18,2143,Aqua,MODIS,92,6.03,299.1,100.9,D,0
38.7739,-122.8545,322,1.6,1.2,2017-10-18,2143,Aqua,MODIS,58,6.03,300.7,22.3,D,0
38.8155,-122.6807,309,1,1,2018-01-01,2125,Aqua,MODIS,68,6.03,284.6,9.3,D,0
38.814,-122.6923,304.8,1,1,2018-01-01,2125,Aqua,MODIS,55,6.03,286.8,6.5,D,0
38.6774,-122.8593,305.9,1.6,1.2,2018-02-12,1844,Terra,MODIS,62,6.03,286.8,15.9,D,0
38.5669,-122.7772,304,1.6,1.2,2018-02-12,1845,Terra,MODIS,44,6.03,287.3,12.3,D,0
38.5415,-122.8407,304.9,1.4,1.2,2018-02-13,1927,Terra,MODIS,42,6.03,289.9,8.8,D,0
38.5393,-122.8481,304.3,1.2,1.1,2018-02-13,2107,Aqua,MODIS,54,6.03,291.9,5.6,D,0
38.6479,-122.8064,302.8,1,1,2018-02-17,1903,Terra,MODIS,54,6.03,290.4,4.5,D,0
38.6842,-122.8513,302.3,1.1,1,2018-02-20,2113,Aqua,MODIS,52,6.03,289.6,5,D,0
38.6663,-122.6581,306.8,1,1,2018-02-27,2119,Aqua,MODIS,62,6.03,284.2,8.8,D,0
38.7693,-122.6113,308.5,1,1,2018-03-28,1909,Terra,MODIS,50,6.03,298.3,3.6,D,0
38.8076,-122.6939,307.8,2.4,1.5,2018-04-03,1833,Terra,MODIS,48,6.03,295.2,15.2,D,0
38.7693,-122.6121,312.4,1,1,2018-04-13,1910,Terra,MODIS,71,6.03,293.7,8.5,D,0
38.5686,-122.5221,317.9,1.1,1,2018-04-20,1916,Terra,MODIS,73,6.03,303,13.3,D,0
38.7692,-122.6103,310,1.1,1,2018-04-20,1916,Terra,MODIS,46,6.03,298.1,4.6,D,0
38.5666,-122.51,313.3,1.1,1,2018-04-20,1916,Terra,MODIS,53,6.03,299.2,8.7,D,0
38.5607,-122.5186,313,1.7,1.3,2018-04-20,2055,Aqua,MODIS,61,6.03,301.2,16.7,D,0
38.7656,-122.6129,313,1.1,1,2018-05-01,1858,Terra,MODIS,54,6.03,299.3,6.8,D,0
38.5781,-122.5705,314.3,1.1,1,2018-05-22,1916,Terra,MODIS,42,6.03,301,10.3,D,0
